neighborhood,hello
Alki,efwefwe
Ballard,ewef
Alki,we
Beacon Hill,fwe
Broadview,
,ef
Central District,efw
Capitol Hill,fw
Ballard,
Fremont,efw
Genesee-Schmitz,
Highland Park,fwef
,
Ballard,
Capitol Hill,
Central District,
Downtown,
Fremont,
South Seattle,
Green Lake,
Greenwood-Phinney,
Lake City,
Madison Park,
Magnolia,
North Seattle,
Queen Anne,
South Lake Union,
University District,
View Ridge,
Wallingford,
West Seattle,
Madison Park,
Magnolia,
Maple Leaf,
Ballard,
Wallingford,
Rainier Beach,
Phinney Ridge,
Pinehurst,
,
Queen Anne,
Rainier Beach,
Rainier Valley,
Ravenna,
Rainier Valley,
Beacon Hill,
West Seattle,
Laurelhurst,
University District,
Wallingford,
Wedgwood,
West Seattle,
West Seattle,
White Center,
South Park,
Central District,
Lake City,
West Seattle,
White Center,
Capitol Hill,
,
,
,
,
Montlake,
,
,
,
,
,
,
,
,
,
University District,
,
,
Madrona,
Madison Valley,
Central District,
Pioneer Square,
,
,
,
Ballard,
,
Pioneer Square,
Pioneer Square,
,
,
,
South Lake Union,
,
,
,
,
